date,close,high,low,open,volume
2024-09-04,1501.5824,1504.5071,1486.6612,1487.8509,11983304
2024-09-05,1480.1921,1512.7114,1474.3179,1506.044,16264168
2024-09-06,1452.2831,1484.1826,1449.1105,1479.7212,19394228
2024-09-09,1449.9285,1457.3396,1443.1371,1453.9438,9010298
2024-09-10,1449.0115,1459.4464,1445.0952,1447.9952,10768260
2024-09-11,1439.0723,1456.1746,1435.1561,1450.5234,9760202
2024-09-12,1467.1299,1473.2767,1433.4953,1444.525,22349376
2024-09-13,1460.0164,1470.4513,1456.9181,1463.7591,8711328
2024-09-16,1458.7523,1468.2206,1452.2089,1464.8993,5481774
2024-09-17,1459.6942,1464.8248,1454.0678,1461.3796,5935328
2024-09-18,1450.9198,1469.311,1448.0447,1457.4138,8574714
2024-09-19,1457.0917,1463.8582,1443.0876,1453.696,16955902
2024-09-20,1473.2025,1482.1998,1458.777,1461.3796,30897320
2024-09-23,1480.5887,1488.6442,1476.2016,1478.2341,8832314
2024-09-24,1476.6229,1487.6527,1475.1358,1475.7554,17137444
2024-09-25,1481.1587,1483.6869,1467.5264,1471.1948,7069002
2024-09-26,1485.1245,1491.1228,1475.3094,1477.8871,18818998
2024-09-27,1513.1079,1520.3453,1479.2255,1486.1655,20597478
2024-09-30,1463.9325,1511.9181,1461.7762,1506.3909,27008814
2024-10-01,1452.2831,1475.2101,1450.3002,1467.9727,16431642
2024-10-03,1394.9285,1436.9903,1390.0704,1424.275,37757294
2024-10-04,1374.6536,1405.2146,1369.9442,1391.9046,37072876
2024-10-07,1358.9888,1384.5431,1349.7188,1381.5688,22181340
2024-10-08,1385.3857,1389.0045,1353.4119,1361.2194,17020808
2024-10-09,1362.8307,1388.9799,1360.7487,1385.5595,14310610
2024-10-10,1359.311,1374.133,1357.6999,1368.2092,22358646
2024-10-11,1360.3521,1371.4314,1357.1051,1358.2701,7980122
2024-10-14,1360.7734,1368.2587,1356.535,1367.6391,12221432
2024-10-15,1332.5175,1359.9554,1329.2209,1346.8933,33762794
2024-10-16,1342.4814,1352.3215,1326.1723,1328.527,20034438
2024-10-17,1344.8113,1356.7332,1340.4737,1354.0068,15543660
2024-10-18,1347.6616,1356.7085,1329.8404,1340.5976,12082452
2024-10-21,1357.4769,1362.2359,1346.1002,1355.4197,14067408
2024-10-22,1331.8481,1364.2186,1328.7499,1357.4768,15831960
2024-10-23,1327.0645,1345.8522,1323.5696,1326.0482,17214742
2024-10-24,1328.3287,1332.1952,1311.7965,1323.8425,22155934
2024-10-25,1316.4808,1332.8396,1310.6809,1331.9969,18597496
2024-10-28,1322.9252,1341.4155,1310.7801,1325.5525,10824350
2024-10-29,1328.5269,1331.6994,1308.9956,1316.7287,12008361
2024-10-30,1332.3936,1338.4413,1314.0023,1323.5697,11984423
2024-10-31,1320.645,1331.5012,1314.7955,1328.5269,9331650
2024-11-01,1327.1885,1330.4601,1321.5868,1321.6364,2127335
2024-11-04,1291.001,1328.5269,1274.0969,1326.3953,19796890
2024-11-05,1294.124,1298.3376,1275.138,1281.9293,16267479
2024-11-06,1314.0023,1316.9271,1289.0676,1298.7838,21625209
2024-11-07,1294.4711,1312.6639,1291.4471,1312.6639,9611974
2024-11-08,1272.7584,1290.5052,1264.0833,1286.5394,19814406
2024-11-11,1261.803,1274.9892,1256.1518,1267.9995,9056552
2024-11-12,1263.3398,1278.261,1256.6476,1264.6288,10671091
2024-11-13,1241.33,1264.5295,1238.8017,1259.3741,14633633
2024-11-14,1256.7468,1261.704,1240.3881,1242.8667,12612633
2024-11-18,1249.9554,1262.0014,1233.2497,1256.7468,13620611
2024-11-19,1231.0189,1270.5277,1224.5746,1249.9554,14183746
2024-11-21,1212.5287,1233.2993,1206.8279,1231.019,19433843
2024-11-22,1254.5656,1257.986,1211.9832,1218.8738,20471957
2024-11-25,1275.9806,1293.2811,1271.4695,1278.9549,28923341
2024-11-26,1284.6062,1286.7378,1273.2047,1283.8626,9247557
2024-11-27,1282.1276,1292.6864,1274.9893,1282.425,9572746
2024-11-28,1259.9194,1285.4985,1258.1844,1278.9054,15027412
2024-11-29,1281.1361,1288.3737,1264.3313,1269.0406,13202307
2024-12-02,1297.9412,1300.1223,1266.116,1276.9722,11024152
2024-12-03,1311.9698,1315.4399,1295.8094,1305.7237,16869482
2024-12-04,1297.7427,1317.0262,1292.8847,1314.6467,19608540
2024-12-05,1310.7306,1318.5629,1294.9667,1303.0964,16858723
2024-12-06,1300.3204,1312.5647,1298.7837,1312.5647,9037514
2024-12-09,1284.0609,1303.7409,1282.0284,1291.8437,14650002
2024-12-10,1273.849,1283.813,1269.2388,1278.2114,16043729
2024-12-11,1267.256,1278.955,1265.1245,1273.9978,11724373
2024-12-12,1252.087,1267.256,1249.8067,1259.1262,20906813
2024-12-13,1261.9519,1264.2818,1228.9866,1249.2119,28630222
2024-12-16,1257.4409,1270.0321,1255.7059,1264.0835,9486781
2024-12-17,1234.6377,1253.0784,1232.1591,1250.2528,17462791
2024-12-18,1242.5197,1249.1622,1230.0276,1230.0276,12670179
2024-12-19,1219.9148,1234.2411,1218.4773,1228.3916,14244653
2024-12-20,1194.9802,1228.8874,1191.2127,1213.5201,20312896
2024-12-23,1211.8347,1216.6927,1202.8125,1204.5972,10052824
2024-12-24,1212.2808,1222.9883,1210.5457,1211.8347,6734917
2024-12-26,1206.1339,1217.1883,1203.8536,1213.7679,10016178
2024-12-27,1210.5955,1217.3868,1206.5801,1207.869,7000397
2024-12-30,1200.334,1212.727,1197.7563,1205.9853,8818766
2024-12-31,1205.0432,1208.662,1195.8229,1197.657,6405475
2025-01-01,1210.7936,1215.8004,1201.2262,1204.4484,5892590
2025-01-02,1231.1677,1233.7949,1209.5543,1210.7936,15486276
2025-01-03,1240.4377,1251.2444,1224.9217,1233.2498,15521102
2025-01-06,1207.5714,1251.1947,1204.5971,1243.2136,14816766
2025-01-07,1230.2257,1233.8445,1210.7935,1211.5371,10070505
2025-01-08,1254.6648,1260.1673,1234.6873,1238.3061,19346579
2025-01-09,1244.0067,1258.8783,1237.3641,1256.1518,12794704
2025-01-10,1231.2668,1245.9897,1225.4173,1243.1145,8120332
2025-01-13,1229.2344,1234.5882,1215.8996,1219.4687,13764861
2025-01-14,1228.1438,1242.6188,1216.7423,1233.448,13095266
2025-01-15,1241.4785,1246.2375,1231.2172,1234.2906,9578856
2025-01-16,1255.6066,1264.0834,1240.5864,1248.1213,14117603
2025-01-17,1291.1992,1314.6468,1273.9978,1310.9289,29366277
2025-01-20,1294.2727,1304.7324,1289.1173,1304.7324,14040244
2025-01-21,1262.7946,1301.7581,1259.3245,1299.2795,14562976
2025-01-22,1266.1654,1271.9158,1257.8373,1267.3552,10273590
2025-01-23,1252.8306,1266.4132,1250.7981,1259.1262,8720682
2025-01-24,1235.6293,1262.1006,1232.8532,1255.1606,14235970
2025-01-27,1218.8242,1229.8292,1209.5543,1228.4907,9536019
2025-01-28,1223.8312,1234.0925,1208.0673,1227.4003,10568025
2025-01-29,1224.9216,1232.1096,1217.5355,1225.4173,5928156
2025-01-30,1242.3214,1246.2375,1221.8482,1224.9712,9269259
2025-01-31,1254.2682,1256.1519,1238.3061,1245.0974,6584612
2025-02-01,1253.7725,1259.6716,1230.3745,1254.2682,7118453
2025-02-03,1235.2327,1245.2462,1226.9542,1240.289,9252345
2025-02-04,1274.196,1277.7653,1235.9266,1237.3642,16691069
2025-02-05,1267.256,1279.4507,1265.7688,1271.668,10112028
2025-02-06,1270.5774,1276.9721,1259.4732,1262.7945,9956001
2025-02-07,1255.8545,1272.7089,1251.1948,1265.2237,8764283
2025-02-10,1242.9163,1255.6562,1234.8856,1253.6733,6970972
2025-02-11,1224.2772,1253.723,1219.5679,1253.723,8859714
2025-02-12,1206.1339,1216.3953,1183.1325,1209.009,21131654
2025-02-13,1205.6877,1217.4859,1201.6229,1206.6297,8511216
2025-02-14,1206.8279,1213.5201,1195.1289,1208.5629,10298145
2025-02-17,1214.4124,1216.9901,1194.187,1200.7305,8166683
2025-02-18,1214.9082,1219.3697,1205.6878,1214.3629,6673250
2025-02-19,1216.9406,1222.1952,1207.1254,1209.0587,6217338
2025-02-20,1222.443,1228.7386,1211.5372,1213.4704,7795582
2025-02-21,1217.6345,1229.383,1211.6859,1218.1797,6904025
2025-02-24,1204.151,1212.7765,1200.1356,1206.1339,7172498
2025-02-25,1193.6913,1210.5457,1191.2127,1200.6313,11552182
2025-02-27,1196.7648,1204.5972,1190.37,1202.416,11509215
2025-02-28,1189.8247,1206.927,1183.083,1191.7085,23007298
2025-03-03,1161.2217,1196.1202,1146.1023,1193.6913,17944938
2025-03-04,1151.9518,1163.9482,1149.6219,1152.2491,11377373
2025-03-05,1165.5345,1172.8712,1147.0938,1151.0596,8664095
2025-03-06,1199.2434,1203.5561,1175.0028,1186.7513,14468014
2025-03-07,1239.0992,1244.0564,1201.6228,1205.5886,16474965
2025-03-10,1227.7968,1247.2289,1224.8224,1234.3402,11931051
2025-03-11,1236.6206,1238.8017,1219.2208,1229.3831,10089838
2025-03-12,1246.2871,1252.1861,1233.3488,1247.2289,11977555
2025-03-13,1237.2156,1253.3264,1233.2002,1249.2616,9505270
2025-03-17,1228.2428,1246.634,1222.542,1231.5146,16640917
2025-03-18,1228.2428,1228.2428,1228.2428,1228.2428,0
2025-03-19,1236.4719,1242.5197,1228.1934,1230.4242,16162399
2025-03-20,1258.2836,1262.1006,1239.3471,1241.1316,15971477
2025-03-21,1265.4218,1270.032,1259.2253,1264.0833,21780769
2025-03-24,1290.9513,1294.8179,1273.2542,1279.9464,20299319
2025-03-25,1274.444,1296.5035,1271.6184,1296.5035,13713899
2025-03-26,1262.1501,1282.7225,1257.8869,1279.9464,12074747
2025-03-27,1267.256,1273.9978,1260.4152,1267.2065,15028056
2025-03-28,1264.1825,1284.6557,1258.1347,1269.0406,18147129
2025-04-01,1241.8751,1266.9586,1238.6034,1253.7724,12099648
2025-04-02,1240.4377,1244.8001,1233.2498,1236.8686,10142590
2025-04-03,1238.0087,1241.0822,1222.4928,1222.4928,7434366
2025-04-04,1194.3853,1234.7864,1182.9342,1230.4736,17908652
2025-04-07,1155.7191,1161.2216,1105.3045,1122.5059,22156106
2025-04-08,1172.078,1186.3547,1153.3399,1161.9654,19555040
2025-04-09,1175.201,1179.613,1157.9996,1159.4868,10223104
2025-04-11,1208.5133,1212.1817,1184.9172,1184.9172,11224242
2025-04-15,1229.4823,1240.289,1226.508,1240.289,13378535
2025-04-16,1228.6892,1230.2755,1218.4773,1223.5337,8248464
2025-04-17,1263.5878,1269.2389,1217.0893,1229.5814,15398401
2025-04-21,1284.4078,1289.7616,1256.1519,1259.1262,10429964
2025-04-22,1280.1448,1292.7361,1275.2868,1288.8695,13051707
2025-04-23,1288.8694,1294.818,1274.3944,1285.8951,10480888
2025-04-24,1290.4557,1293.3309,1279.2525,1281.3345,10468940
2025-04-25,1289.266,1313.8536,1277.0713,1292.3394,14431012
2025-04-28,1357.0804,1362.8307,1308.8965,1328.527,31104496
2025-04-29,1387.7157,1398.8199,1358.27,1359.2615,32538970
2025-04-30,1392.9703,1400.307,1357.2786,1389.996,25480745
2025-05-02,1407.6437,1414.4845,1397.0352,1401.8933,13007841
2025-05-05,1419.0453,1427.175,1414.6829,1418.7478,12685649
2025-05-06,1408.7343,1419.7392,1398.5224,1418.7478,14084117
2025-05-07,1393.9618,1412.2043,1390.69,1408.7342,13440169
2025-05-08,1394.9532,1408.6351,1386.0303,1392.0781,16106175
2025-05-09,1365.4083,1382.8577,1362.7315,1373.6373,13668904
2025-05-12,1424.2006,1426.6792,1388.0131,1388.0131,10674081
2025-05-13,1403.5786,1435.3046,1400.3069,1421.2263,11407896
2025-05-14,1412.2043,1417.6573,1403.3805,1407.842,5570160
2025-05-15,1441.7491,1448.8876,1400.6045,1412.7992,20177211
2025-05-16,1443.9303,1448.4909,1434.9082,1440.7576,9036695
2025-05-19,1428.4639,1442.1456,1425.886,1439.667,6195791
2025-05-20,1412.4025,1432.6278,1409.6265,1425.886,11270560
2025-05-21,1416.963,1423.9031,1405.9581,1411.7085,6136364
2025-05-22,1397.3328,1411.6095,1384.9398,1409.0317,12134466
2025-05-23,1414.5839,1421.5239,1394.5567,1394.5567,6474883
2025-05-26,1422.5153,1428.6621,1412.8982,1419.7392,4842944
2025-05-27,1409.924,1424.6964,1401.7942,1413.8897,12640414
2025-05-28,1400.8029,1410.4198,1398.6216,1407.9412,5944611
2025-05-29,1405.6609,1407.842,1396.5396,1400.0096,13771917
2025-05-30,1408.7343,1418.3512,1397.6301,1405.8591,13788484
2025-06-02,1401.5958,1405.3633,1383.6508,1400.0095,8098668
2025-06-03,1393.4661,1414.2863,1391.3841,1410.1223,11252626
2025-06-04,1411.3119,1413.493,1394.0608,1402.5872,8126827
2025-06-05,1430.0502,1442.2448,1411.4111,1415.7734,13716817
2025-06-06,1431.1406,1439.0721,1424.6963,1428.662,8182161
2025-06-09,1436.3954,1445.0208,1432.9254,1444.5251,7885125
2025-06-10,1426.1835,1441.4516,1423.7049,1437.585,7913181
2025-06-11,1436.4945,1456.0258,1430.7441,1433.4211,8195700
2025-06-12,1429.257,1444.5251,1422.1187,1441.0551,8828114
2025-06-13,1415.6743,1423.2092,1402.1908,1411.8077,9757276
2025-06-16,1425.4895,1430.0501,1412.2042,1414.6828,8458093
2025-06-17,1418.9459,1435.6021,1413.5923,1435.6021,10366599
2025-06-18,1417.8555,1430.4468,1413.4931,1417.7563,6681735
2025-06-19,1421.0281,1427.5715,1413.4931,1417.8554,10007230
2025-06-20,1453.6464,1458.4053,1415.8726,1418.7478,29010635
2025-06-23,1444.3269,1451.267,1429.6536,1440.5594,5989078
2025-06-24,1438.3782,1462.3709,1430.744,1452.4565,16402744
2025-06-25,1454.7371,1459.7934,1447.9952,1451.4653,7525851
2025-06-26,1482.4972,1485.9672,1452.5557,1456.5214,14657893
2025-06-27,1502.425,1508.9685,1484.0834,1486.562,11117052
2025-06-30,1487.7518,1511.7447,1483.1912,1500.8389,8409527
2025-07-01,1515.3138,1518.2882,1487.2561,1487.7518,10368523
2025-07-02,1505.7961,1516.9002,1495.7825,1515.3139,6361002
2025-07-03,1504.8046,1518.7838,1500.0456,1507.7789,11283291
2025-07-04,1514.2234,1516.9002,1504.2098,1510.9516,6603501
2025-07-07,1528.3016,1531.5734,1511.9429,1513.5292,7251074
2025-07-08,1524.4351,1531.6726,1517.0984,1522.8488,7171261
2025-07-09,1505.9943,1537.7203,1497.1704,1523.5427,8870660
2025-07-10,1504.2097,1511.6455,1494.5928,1506.6883,10047129
2025-07-11,1482.3981,1502.0286,1477.5401,1499.0543,7234991
2025-07-14,1470.9965,1487.1569,1466.4359,1479.4237,10311846
2025-07-15,1472.682,1483.6869,1469.7077,1473.4751,8132454
2025-07-16,1472.8802,1478.234,1458.901,1460.3882,10409983
2025-07-17,1463.759,1476.846,1461.2804,1474.6649,11854613
2025-07-18,1463.3624,1472.0871,1456.5215,1472.0871,10296318
2025-07-21,1416.3683,1463.3625,1410.9154,1452.4567,22442744
2025-07-22,1400.7036,1419.6401,1398.6215,1415.1786,20396320
2025-07-23,1412.4025,1413.7905,1402.2898,1413.7905,8354596
2025-07-24,1390.8883,1410.8162,1384.0474,1407.0487,14740507
2025-07-25,1379.7842,1389.0046,1372.2493,1386.9226,11854722
2025-07-28,1375.7194,1395.7465,1373.1416,1380.3792,7748361
2025-07-29,1404.9668,1408.0402,1371.1588,1371.1588,10750072
2025-07-30,1398.0267,1411.1138,1389.3022,1405.9582,7209849
2025-07-31,1378.297,1390.5909,1370.3655,1376.215,17065827
2025-08-01,1381.7671,1393.8627,1372.4477,1375.0254,10321171
2025-08-04,1399.4147,1403.9753,1379.7842,1383.1551,6312820
2025-08-05,1379.7842,1398.919,1376.215,1398.919,9315972
2025-08-06,1380.8749,1383.9483,1371.4562,1379.9826,5834312
2025-08-07,1377.5039,1381.767,1354.3042,1375.8184,9976705
2025-08-08,1356.0889,1385.237,1353.3128,1373.1416,8793606
2025-08-11,1374.3313,1376.1159,1349.5453,1358.2701,9997486
2025-08-12,1368.5811,1389.897,1363.4255,1370.0682,12244664
2025-08-13,1370.7621,1379.8834,1365.7058,1376.1159,7457021
2025-08-14,1367.4774,1374.3456,1363.7944,1370.9613,7126128
2025-08-18,1375.3409,1388.4803,1370.6626,1383.6028,11785109
2025-08-19,1413.5642,1414.4601,1382.7069,1383.6028,14384719
2025-08-20,1406.4969,1418.3422,1403.5108,1406.4969,8725641
2025-08-21,1418.2427,1425.31,1413.7634,1418.4417,11021323
2025-08-22,1402.7144,1416.8491,1401.4204,1413.4647,5818868
2025-08-25,1406.0988,1412.967,1399.2305,1408.1891,5979407
2025-08-26,1378.5262,1403.5107,1375.2414,1401.5199,12145259
2025-08-28,1379.5217,1385.7927,1360.211,1383.5033,13161813
2025-08-29,1350.9537,1397.0407,1343.7869,1374.7438,18758842
2025-09-01,1347.6689,1356.9261,1334.4301,1349.7593,11232238
2025-09-02,1360.2109,1378.1281,1348.2662,1348.5648,11517006
2025-09-03,1366.2828,1370.1649,1354.2385,1363.3962,7847563
2025-09-04,1353.0441,1367.6764,1350.8541,1365.4865,13223177
2025-09-05,1368.6719,1374.6443,1353.0442,1356.7271,5777575
2025-09-08,1372.1558,1379.6212,1366.0839,1373.6489,6986720
2025-09-09,1369.8662,1374.8432,1362.4007,1370.2644,9754452
2025-09-10,1370.6626,1382.1097,1367.7759,1377.5309,7790815
2025-09-11,1376.9337,1379.1235,1368.6719,1369.6673,9766072
2025-09-12,1388.5798,1389.8739,1374.1466,1376.9337,7403368
2025-09-15,1392.86,1394.3531,1382.2092,1386.5889,5396697
2025-09-16,1398.8324,1401.5199,1391.765,1398.2351,8686961
2025-09-17,1407.2933,1409.6822,1400.4251,1400.5246,7519417
2025-09-18,1408.4877,1415.4555,1404.2074,1413.8628,9332642
2025-09-19,1400.9227,1410.4785,1397.1402,1408.3882,13461373
2025-09-22,1384.2,1404.2074,1381.6119,1397.4388,7757970
2025-09-23,1383.4038,1388.5798,1370.4636,1384.5982,14014702
2025-09-24,1376.635,1389.5752,1374.047,1378.9245,5922759
2025-09-25,1366.0839,1378.1282,1362.6995,1374.9429,11411143
2025-09-26,1371.2599,1376.3364,1359.7133,1365.6857,9879109
2025-09-29,1366.4819,1382.6073,1361.704,1375.2414,14231999
2025-09-30,1357.7224,1370.7621,1356.528,1370.7621,14604684
2025-10-01,1362.4008,1372.2552,1356.4284,1360.7086,12045916
2025-10-03,1357.1252,1365.2875,1350.6552,1356.9261,12842347
2025-10-06,1368.6719,1371.0609,1352.7455,1353.7409,12396580
2025-10-07,1378.4268,1389.4756,1369.5677,1369.6672,11244040
2025-10-08,1361.1068,1382.6074,1358.2201,1378.4268,8525081
2025-10-09,1371.459,1373.6488,1362.799,1367.6764,8826633
2025-10-10,1375.3409,1381.612,1368.7713,1371.459,6373084
2025-10-13,1368.6719,1371.3594,1361.5051,1370.5632,7600682
2025-10-14,1369.5677,1381.612,1363.7944,1373.6489,9768174
2025-10-15,1367.9751,1377.6304,1366.3824,1376.635,10882743
2025-10-16,1391.8646,1394.0545,1368.6718,1368.7713,12315932
2025-10-17,1410.2795,1416.7496,1392.6609,1394.5522,19335561
2025-10-20,1460.0493,1467.0171,1426.7035,1433.3726,24721978
2025-10-21,1458.4567,1467.2162,1453.2806,1461.2438,2066169
2025-10-23,1441.734,1476.0752,1437.9514,1468.2116,18707090
2025-10-24,1444.9193,1453.0816,1434.3681,1443.3267,9700837
2025-10-27,1477.2697,1478.1655,1451.2898,1456.2668,14113867
2025-10-28,1480.0569,1485.1334,1470.7996,1477.2697,17631577
2025-10-29,1497.2771,1501.3583,1481.2512,1483.1425,11884745
2025-10-30,1481.6494,1496.1822,1477.1701,1493.0965,9318663
2025-10-31,1479.5592,1490.6081,1475.4781,1483.5408,8758053
2025-11-03,1477.8669,1488.1196,1472.4919,1479.161,8452085
2025-11-04,1466.3203,1485.9297,1463.3341,1477.0707,10007806
2025-11-06,1489.2145,1494.6892,1469.406,1477.1702,16772678
2025-11-07,1471.1978,1491.5039,1469.1074,1487.7213,7821765
2025-11-10,1482.4458,1494.0919,1468.7093,1471.0982,7068438
2025-11-11,1486.527,1491.9021,1473.3877,1490.1104,7127506
2025-11-12,1504.5436,1517.6828,1493.0965,1498.0735,12384459
2025-11-13,1503.9464,1515.0948,1499.8653,1508.0275,7196443
2025-11-14,1511.9095,1513.9003,1498.5712,1498.5712,7682823
2025-11-17,1511.3124,1516.6874,1504.5436,1513.9004,5871416
2025-11-18,1512.4072,1520.7686,1503.5482,1514.6966,11045042
2025-11-19,1511.9095,1515.2939,1505.0413,1510.4164,5692366
2025-11-20,1541.9706,1543.7623,1519.6736,1522.9585,18171724
2025-11-21,1539.4821,1550.6306,1533.012,1533.9079,9615271
2025-11-24,1528.8313,1542.8664,1524.7502,1542.8664,18433951
2025-11-25,1532.6138,1552.4222,1518.081,1528.8313,15033482
2025-11-26,1562.6748,1564.3669,1533.4101,1535.2019,14054299
2025-11-27,1556.2047,1568.249,1548.8387,1567.7513,9794643
2025-11-28,1560.2859,1574.0224,1555.8066,1560.7836,8959508
2025-12-01,1558.8923,1570.2399,1556.4038,1567.7514,8920233
2025-12-02,1539.1835,1560.2859,1534.9032,1553.9153,11389150
2025-12-03,1531.718,1545.2554,1525.9447,1538.0885,6090883
2025-12-04,1528.5327,1553.3181,1510.6156,1528.9309,11867930
2025-12-05,1533.5096,1538.6858,1513.6017,1523.3566,10183266
2025-12-08,1535.8987,1543.8619,1527.9355,1532.1161,11301491
2025-12-09,1522.3612,1535.4009,1513.104,1533.2111,11503971
2025-12-10,1529.8268,1540.378,1524.3521,1526.9401,7991629
2025-12-11,1537.8894,1542.8664,1516.9861,1529.8267,4706197
2025-12-12,1549.3365,1552.6214,1538.9844,1543.6628,5106655
2025-12-15,1549.0378,1551.4268,1539.3825,1544.0609,5774543
2025-12-16,1535.2019,1544.5585,1531.718,1537.8894,11731856
2025-12-17,1537.2922,1542.8664,1532.2157,1542.8664,7116649
2025-12-18,1537.2922,1544.3595,1528.1345,1528.1345,6580829
2025-12-19,1557.8969,1566.9549,1543.8618,1547.2461,13937275
2025-12-22,1568.1495,1570.2398,1558.096,1566.2583,10184852
2025-12-23,1563.4711,1573.6242,1560.8831,1573.6242,7506564
2025-12-24,1551.0287,1568.4481,1546.4499,1565.462,8815745
2025-12-26,1552.024,1553.8158,1547.1467,1547.5448,2311495
2025-12-29,1538.4867,1550.9292,1536.4959,1547.7439,5972105
2025-12-30,1532.7134,1546.4498,1530.7226,1539.8802,8815884
2025-12-31,1563.1726,1569.7422,1533.9079,1533.9079,5771830
2026-01-01,1568.3485,1585.1708,1563.8692,1566.4572,6408128
2026-01-02,1584.9718,1587.2611,1570.9366,1572.7284,6602230
2026-01-05,1570.837,1604.382,1568.05,1585.6685,8704973
2026-01-06,1500.6615,1561.7789,1489.4136,1561.7789,27417125
2026-01-07,1497.2771,1513.0044,1491.1057,1503.0505,11199340
2026-01-08,1463.8318,1496.9786,1462.0401,1493.0965,16518684
2026-01-09,1468.5103,1473.0891,1458.2576,1458.2576,8335311
2026-01-12,1476.3738,1478.4642,1444.322,1468.5102,8883745
2026-01-13,1446.1138,1478.9619,1438.051,1478.1655,13499760
2026-01-14,1452.0862,1460.2484,1433.5717,1437.3542,8321764
2026-01-15,1452.0862,1452.0862,1452.0862,1452.0862,0
2026-01-16,1451.1903,1473.1886,1448.4031,1452.0862,17167161
2026-01-19,1407.0941,1443.9238,1396.8416,1443.9238,20392765
2026-01-20,1387.5844,1409.4831,1383.6028,1404.2074,13189498
2026-01-21,1398.1356,1406.3975,1366.6811,1383.1051,17352720
2026-01-22,1396.0453,1412.967,1388.5798,1403.6103,15721693
2026-01-23,1379.7207,1400.5245,1374.6442,1395.3485,9837802
2026-01-27,1374.1465,1385.1954,1361.704,1373.6488,26302396
2026-01-28,1390.2719,1403.4112,1378.5262,1378.6257,11121657
2026-01-29,1384.5981,1396.4434,1377.6304,1396.4434,20846683
2026-01-30,1388.9779,1391.5659,1372.1557,1376.2368,11239835
2026-02-02,1384.001,1386.4895,1329.3536,1333.8329,15711165
2026-02-03,1430.486,1482.6448,1423.6177,1467.1166,25456171
2026-02-04,1450.0955,1457.2623,1433.6714,1437.3543,8333387
2026-02-05,1436.7571,1454.7738,1432.875,1450.2945,11763658
2026-02-06,1444.123,1446.1138,1426.9026,1434.8658,8277304
2026-02-09,1454.8733,1459.1535,1446.3129,1451.2899,5775864
2026-02-10,1451.7875,1464.2299,1445.5164,1464.2299,10259630
2026-02-11,1461.9406,1463.2346,1446.9101,1452.8825,7106877
2026-02-12,1442.2317,1466.2207,1438.8473,1463.2346,11135399
2026-02-13,1413.0665,1444.0234,1409.7818,1438.8474,10755693
2026-02-16,1430.486,1432.9745,1402.814,1413.5642,5896514
2026-02-17,1416.4509,1425.2105,1412.0712,1424.5136,10731630
2026-02-18,1434.6667,1435.463,1412.6684,1420.4325,5521096
2026-02-19,1403.0131,1436.3589,1393.5568,1436.3589,11884664
2026-02-20,1412.8676,1420.8307,1399.6287,1403.0131,8177670
2026-02-23,1421.4279,1428.2961,1411.7725,1418.4417,7758856
2026-02-24,1422.2242,1426.7035,1408.4877,1418.7404,12529409
2026-02-25,1392.0637,1433.8704,1387.0867,1428.3957,10728792
2026-02-26,1400.3256,1406.3975,1385.4941,1392.0637,16683858
2026-02-27,1387.4849,1403.9089,1381.7115,1391.566,12031440
2026-03-02,1351.75,1372.2552,1335.3259,1369.1695,23728722
2026-03-04,1338.8099,1346.5741,1300.9848,1323.879,32495007
2026-03-05,1383.0056,1392.5614,1346.8726,1346.8726,25957532
2026-03-06,1398.3347,1417.745,1383.9015,1390.0729,19311971
2026-03-09,1417.4463,1422.8215,1363.6948,1368.6718,24870822
2026-03-10,1402.3163,1424.9118,1394.154,1424.0159,18071259
2026-03-11,1383.8018,1427.4002,1377.2322,1418.3421,21848087
2026-03-12,1385.7926,1404.4066,1374.7437,1383.6028,20939959
2026-03-13,1374.3456,1394.3532,1372.0562,1378.8249,17265090
2026-03-16,1388.6793,1390.8693,1357.2248,1373.6488,22837802
2026-03-17,1391.1677,1399.4296,1381.811,1392.5613,19007744
2026-03-18,1401.6195,1406.3975,1390.7696,1390.7696,9559327
2026-03-19,1378.4268,1409.1844,1369.7667,1381.612,16498373
2026-03-20,1407.8905,1423.4187,1389.6747,1391.566,22994918
2026-03-23,1401.3209,1409.085,1384.5982,1393.5568,18979554
2026-03-24,1405.3025,1415.8537,1400.1263,1413.4647,18620893
2026-03-25,1406.5964,1423.9164,1401.9181,1413.4647,19041331
2026-03-27,1341.8956,1398.2351,1338.8099,1394.5522,23266517
2026-03-30,1337.715,1358.7178,1327.96,1328.8559,24393861
2026-04-01,1362.8984,1378.0286,1356.6275,1377.8294,14404619
2026-04-02,1344.2845,1351.9491,1321.8881,1350.7546,21280051
2026-04-06,1298.6953,1352.7455,1284.063,1352.7455,29274881
2026-04-07,1298.5958,1302.2789,1285.0584,1289.04,28388922
2026-04-08,1341.597,1344.3841,1320.0964,1342.7915,21817543
2026-04-09,1323.8789,1343.7869,1320.196,1339.8053,20725390
2026-04-10,1343.986,1346.0764,1325.3721,1330.8468,19364461
2026-04-13,1309.0475,1321.49,1303.971,1315.1194,28753269
2026-04-15,1337.9141,1340.8007,1328.0596,1330.8468,15313779
2026-04-16,1337.1178,1347.5695,1323.879,1345.7777,30211012
2026-04-17,1358.7179,1362.1023,1333.833,1333.833,13869105
2026-04-20,1357.0258,1366.6811,1346.5741,1356.9261,13614733
2026-04-21,1347.0718,1363.4958,1343.8864,1352.7455,27293629
2026-04-22,1355.8312,1359.7133,1342.891,1344.0856,9525953
2026-04-23,1337.2173,1349.2616,1334.5296,1339.8053,16385079
2026-04-24,1321.6891,1339.7058,1318.9019,1333.8329,11744802
2026-04-27,1359.5142,1365.2874,1304.9663,1306.9571,24673098
2026-04-28,1382.5078,1388.7787,1350.7546,1351.75,41027699
2026-04-29,1418.8398,1427.2012,1384.8968,1385.5935,30542143
2026-04-30,1424.2151,1430.3865,1386.6885,1402.5154,30957881
2026-05-01,1424.2151,1424.2151,1424.2151,1424.2151,0
2026-05-04,1456.3663,1460.6466,1426.8031,1426.8031,24035700
2026-05-05,1456.864,1466.619,1443.3266,1453.2806,23543341
2026-05-06,1431.2823,1466.5195,1420.9302,1456.2668,14221786
2026-05-07,1429.5901,1442.8289,1423.7173,1432.1782,19816903
2026-05-08,1428.5947,1436.1598,1410.9762,1419.4371,8663105
2026-05-11,1381.811,1421.4279,1375.6396,1413.4647,15261787
2026-05-12,1357.7224,1387.0866,1354.0395,1385.5935,24357500
2026-05-13,1352.5464,1366.0838,1346.1758,1355.1344,13797989
2026-05-14,1355.5326,1371.658,1352.1482,1358.9168,17303059
2026-05-15,1330.2495,1358.5188,1323.0826,1350.5556,19976192
2026-05-18,1329.7518,1335.8237,1312.6309,1327.8606,13022473
2026-05-19,1316.6124,1337.8144,1312.3323,1332.5388,21665501
2026-05-20,1353.4421,1356.6275,1306.5589,1312.6308,13248515
2026-05-21,1343.3887,1364.5907,1339.0089,1360.9076,17150630
2026-05-22,1348.2661,1361.1068,1342.8909,1343.7868,7105813
2026-05-25,1360.7086,1364.7897,1350.7546,1360.5096,6750071
2026-05-26,1350.058,1362.2018,1346.1759,1353.8404,13769747
2026-05-27,1344.2845,1354.7362,1342.3933,1346.773,13215138
2026-05-28,1344.2845,1344.2845,1344.2845,1344.2845,0
2026-05-29,1315.1194,1362.6994,1310.9388,1357.7225,42634247
2026-06-01,1313.9249,1329.3536,1312.4318,1326.3674,10700603
2026-06-02,1308.5498,1321.6891,1294.3157,1301.6815,23302785
2026-06-03,1307.1562,1317.9066,1295.0124,1308.948,20012293
2026-06-04,1297.7,1305.1654,1287.1488,1295.0124,23474327
2026-06-05,1291.0,1306.0,1288.0,1304.5,17785223
2026-06-08,1263.3,1282.6,1259.2,1277.0,16494759
2026-06-09,1269.2,1274.2,1257.5,1269.0,23620214
2026-06-10,1258.8,1300.5,1254.4,1275.0,21012796
2026-06-11,1263.0,1276.0,1253.2,1258.0,13117486
2026-06-12,1293.0,1297.0,1262.5,1277.0,11988785
2026-06-15,1307.0,1325.0,1303.3,1315.3,18633321
2026-06-16,1328.8,1333.4,1306.4,1313.4,18513223
2026-06-17,1332.7,1334.0,1317.0,1333.0,10029170
2026-06-18,1328.1,1333.9,1322.0,1330.0,15494549
2026-06-19,1309.5,1338.2,1305.3,1328.0,24887034
2026-06-22,1326.5,1344.9,1314.1,1316.7,12931213
2026-06-23,1309.5,1333.0,1304.0,1328.9,15400184
2026-06-24,1313.6,1322.0,1297.5,1305.7,11030917
2026-06-25,1318.1,1328.0,1314.6,1318.0,12694362
2026-06-26,1318.1,1318.1,1318.1,1318.1,0
2026-06-29,1301.0,1313.7,1292.6,1308.0,13757656
2026-06-30,1293.9,1306.9,1290.0,1306.9,15695263
2026-07-01,1308.0,1312.2,1296.5,1298.9,7001401
2026-07-02,1303.5,1313.2,1299.0,1310.0,17795024
2026-07-03,1304.0,1312.0,1302.0,1312.0,7839550
2026-07-06,1321.3,1325.6,1299.4,1304.0,7610709
2026-07-07,1308.4,1328.0,1304.1,1323.5,14335554
2026-07-08,1275.9,1302.3,1271.6,1297.0,19960868
2026-07-09,1279.8,1296.5,1274.2,1277.1,14651963
2026-07-10,1307.8,1311.1,1287.8,1291.9,8412537
2026-07-13,1296.9,1306.4,1295.0,1300.0,9488352
2026-07-14,1293.0,1308.0,1286.9,1290.0,13511284
2026-07-15,1295.5,1310.9,1294.1,1294.1,9577965
2026-07-16,1296.6,1309.4,1291.8,1295.5,15631046
2026-07-17,1327.2,1330.3,1296.1,1300.0,18302218
2026-07-20,1323.1,1345.9,1314.9,1317.2,14305844
2026-07-21,1303.7,1326.9,1302.7,1321.0,12753410
2026-07-22,1288.6,1304.6,1280.7,1302.0,10840383
2026-07-23,1272.2,1287.3,1268.0,1283.0,12580741
2026-07-24,1278.0,1283.4,1249.8,1265.0,9817000
2026-07-27,1280.0,1288.7,1278.0,1288.2,7163132
2026-07-28,1267.7,1279.2,1265.9,1275.0,9312184
2026-07-29,1275.9,1282.4,1268.7,1275.0,9448307
2026-07-30,1292.9,1297.0,1275.3,1279.8,12158451
2026-07-31,1307.8,1309.7,1293.6,1295.0,8624996
2026-08-03,1319.0,1319.0,1306.0,1315.2,7508023
2026-08-04,1290.9,1315.0,1286.4,1315.0,10759546
2026-08-05,1280.0,1299.0,1270.1,1293.0,24820782
2026-08-06,1325.0,1325.2,1281.2,1285.0,20342297
2026-08-07,1334.8,1337.0,1316.6,1320.0,9885638
2026-08-10,1327.3,1332.9,1321.3,1330.1,8207102
2026-08-11,1323.9,1328.7,1314.1,1326.6,9953124
2026-08-12,1329.0,1329.0,1309.2,1323.9,7901012
2026-08-13,1317.0,1327.8,1307.2,1327.8,9397301
2026-08-14,1310.0,1317.5,1301.5,1317.0,10497358
2026-08-17,1316.0,1320.8,1298.1,1314.0,13383867
2026-08-18,1322.0,1328.6,1311.2,1314.0,10180567
2026-08-19,1311.0,1321.6,1303.5,1320.3,7489365
2026-08-20,1313.2,1316.5,1307.0,1315.5,5546227
2026-08-21,1316.0,1316.0,1308.0,1314.0,5434871
2026-08-24,1309.8,1320.0,1302.4,1316.6,7277167
2026-08-25,1317.0,1317.1,1300.0,1304.3,7115355
2026-08-26,1298.0,1315.6,1298.0,1310.0,5744474
2026-08-27,1282.2,1308.4,1282.2,1305.0,11271497
2026-08-28,1287.0,1291.8,1280.0,1284.9,6830228
2026-08-31,1277.0,1297.6,1271.0,1278.7,34871137
2026-09-01,1309.0,1311.8,1280.0,1285.0,12617528
2026-09-02,1313.1,1321.9,1293.1,1298.0,13497841
2026-09-03,1302.5,1316.8,1302.5,1313.1,9721454
2026-09-04,1322.0,1333.0,1304.1,1304.1,13031534
