date,c1,c2,c3,c4
2022-04-04,103.28,101.84,100.6,99.28
2022-04-05,101.96,100.68,99.55,98.31
2022-04-06,96.23,95.41,94.63,93.76
2022-04-07,96.03,95.51,94.81,94.12
2022-04-08,98.26,97.73,97.01,96.29
2022-04-11,94.29,93.92,93.46,92.97
2022-04-12,100.6,100.15,99.4,98.52
2022-04-13,104.25,103.79,102.89,101.76
2022-04-14,106.95,106.38,105.44,104.03
2022-04-18,108.21,107.61,106.41,104.74
2022-04-19,102.56,102.05,101.16,99.84
2022-04-20,102.75,102.19,101.36,100.17
2022-04-21,103.79,102.96,101.74,100.23
2022-04-22,102.07,101.05,99.72,98.16
2022-04-25,98.54,97.67,96.53,95.18
2022-04-26,101.7,100.41,98.95,97.39
2022-04-27,102.02,100.68,99.21,97.66
2022-04-28,105.36,103.47,101.52,99.47
2022-04-29,104.69,102.94,100.88,98.69
2022-05-02,105.17,103.42,101.38,99.29
2022-05-03,102.41,100.9,99.22,97.52
2022-05-04,107.81,106.22,104.42,102.49
2022-05-05,108.26,106.74,104.86,102.84
2022-05-06,109.77,108.33,106.48,104.45
2022-05-09,103.09,101.77,100.1,98.35
2022-05-10,99.76,98.45,96.87,95.26
2022-05-11,105.71,104.03,102.2,100.34
2022-05-12,106.13,104.4,102.42,100.42
2022-05-13,110.49,108.63,106.27,103.86
2022-05-16,114.2,111.82,108.91,105.93
2022-05-17,112.4,109.63,106.76,103.86
2022-05-18,109.59,107.04,104.07,101.08
2022-05-19,112.21,109.89,106.82,103.67
2022-05-20,113.23,110.28,107.17,103.94
2022-05-23,110.29,107.54,104.61,101.94
2022-05-24,109.77,107.2,104.45,101.93
2022-05-25,110.33,107.75,105.03,102.54
2022-05-26,114.09,111.25,108.28,105.57
2022-05-27,115.07,112.23,109.23,106.48
2022-05-31,114.67,111.91,108.9,106.05
2022-06-01,115.26,112.72,109.96,107.32
2022-06-02,116.87,114.3,111.58,108.85
2022-06-03,118.87,116.23,113.47,110.7
2022-06-06,118.5,116.06,113.35,110.67
2022-06-07,119.41,117.1,114.54,112.04
2022-06-08,122.11,119.78,117.15,114.57
2022-06-09,121.51,119.09,116.49,114.01
2022-06-10,120.67,118.12,115.34,112.73
2022-06-13,120.93,118.25,115.31,112.62
2022-06-14,118.93,116.26,113.48,110.86
2022-06-15,115.31,113.09,110.75,108.42
2022-06-16,117.59,115.25,112.7,110.25
2022-06-17,109.56,107.99,105.78,103.57
2022-06-21,110.65,109.52,107.34,105.06
2022-06-22,106.19,103.99,101.83,99.9
2022-06-23,104.27,101.58,99.05,96.88
2022-06-24,107.62,104.45,101.47,98.97
2022-06-27,109.57,106.38,103.3,100.68
2022-06-28,111.76,108.89,105.99,103.43
2022-06-29,109.78,107.01,104.13,101.56
2022-06-30,105.76,103.1,100.27,97.75
2022-07-01,108.43,105.39,102.31,99.62
2022-07-05,99.5,96.52,93.44,90.73
2022-07-06,98.53,94.98,91.85,89.24
2022-07-07,102.73,99.25,96.04,93.24
2022-07-08,104.79,101.53,98.37,95.59
2022-07-11,104.09,101.21,98.2,95.58
2022-07-12,95.84,93.31,90.7,88.48
2022-07-13,96.3,93.83,91.36,89.27
2022-07-14,95.78,92.83,90.15,87.96
2022-07-15,97.59,94.57,91.74,89.37
2022-07-18,102.6,99.42,96.36,93.79
2022-07-19,104.22,100.74,97.45,94.71
2022-07-20,102.26,99.88,96.88,94.45
2022-07-21,96.35,93.78,91.72,89.95
2022-07-22,94.7,92.43,90.6,88.93
2022-07-25,96.7,94.42,92.58,90.89
2022-07-26,94.98,92.88,91.32,89.84
2022-07-27,97.26,95.29,93.79,92.34
2022-07-28,96.42,94.65,93.28,91.91
2022-07-29,98.62,96.75,95.3,93.87
2022-08-01,93.89,92.39,91.34,90.29
2022-08-02,94.42,93.22,92.29,91.33
2022-08-03,90.66,89.74,89.07,88.32
2022-08-04,88.54,87.56,86.81,85.99
2022-08-05,89.01,88.08,87.26,86.39
2022-08-08,90.76,89.93,89.16,88.36
2022-08-09,90.5,89.67,88.9,88.08
2022-08-10,91.93,91.2,90.47,89.68
2022-08-11,94.34,93.53,92.69,91.79
2022-08-12,92.09,91.46,90.87,90.16
2022-08-15,89.41,88.85,88.41,87.9
2022-08-16,86.53,86.16,85.86,85.48
2022-08-17,88.11,87.69,87.3,86.84
2022-08-18,90.5,90.11,89.67,89.08
2022-08-19,90.77,90.44,90.11,89.61
2022-08-22,90.23,90.36,89.97,89.45
2022-08-23,93.74,93.25,92.53,91.68
2022-08-24,94.89,94.4,93.65,92.72
2022-08-25,92.52,92.19,91.58,90.71
2022-08-26,93.06,92.39,91.55,90.5
2022-08-29,97.01,96.19,95.03,93.73
2022-08-30,91.64,91.17,90.46,89.53
2022-08-31,89.55,89.03,88.31,87.52
2022-09-01,86.61,86.22,85.66,84.99
2022-09-02,86.87,86.48,85.9,85.19
2022-09-06,86.88,86.51,86.03,85.43
2022-09-07,81.94,81.63,81.25,80.75
2022-09-08,83.54,83.07,82.46,81.8
2022-09-09,86.79,86.36,85.75,85.05
2022-09-12,87.78,87.41,86.86,86.21
2022-09-13,87.31,86.89,86.25,85.5
2022-09-14,88.48,88.05,87.36,86.5
2022-09-15,85.1,84.65,83.9,82.96
2022-09-16,85.11,84.76,84.07,83.16
2022-09-19,85.73,85.36,84.61,83.68
2022-09-20,84.45,83.94,83.28,82.37
2022-09-21,82.94,82.43,81.62,80.68
2022-09-22,83.49,83.03,82.27,81.33
2022-09-23,78.74,78.25,77.53,76.73
2022-09-26,76.71,76.18,75.45,74.61
2022-09-27,78.5,77.81,76.93,75.98
2022-09-28,82.15,81.24,80.2,79.09
2022-09-29,81.23,80.42,79.42,78.3
2022-09-30,79.49,78.72,77.75,76.63
2022-10-03,83.63,82.7,81.38,79.96
2022-10-04,86.52,85.5,84.17,82.71
2022-10-05,87.76,86.84,85.7,84.42
2022-10-06,88.45,87.59,86.51,85.3
2022-10-07,92.64,91.35,89.85,88.3
2022-10-10,91.13,89.84,88.4,86.88
2022-10-11,89.35,87.97,86.56,85.1
2022-10-12,87.27,86.06,84.74,83.35
2022-10-13,89.11,87.95,86.65,85.25
2022-10-14,85.61,84.65,83.55,82.29
2022-10-17,85.46,84.53,83.51,82.31
2022-10-18,82.82,82.07,81.29,80.36
2022-10-19,85.55,84.52,83.42,82.25
2022-10-20,85.98,84.51,83.3,81.99
2022-10-21,85.05,83.95,82.65,81.43
2022-10-24,84.58,83.59,82.39,81.25
2022-10-25,85.32,84.31,83.15,82.05
2022-10-26,87.91,86.68,85.34,84.05
2022-10-27,89.08,87.83,86.43,85.06
2022-10-28,87.9,86.61,85.17,83.83
2022-10-31,86.53,85.4,84.1,82.88
2022-11-01,88.37,87.19,85.82,84.53
2022-11-02,90.0,88.86,87.53,86.27
2022-11-03,88.17,87.18,86.02,84.87
2022-11-04,92.61,91.45,90.12,88.83
2022-11-07,91.79,90.73,89.54,88.38
2022-11-08,88.91,88.0,86.95,85.91
2022-11-09,85.83,85.0,84.0,83.02
2022-11-10,86.47,85.66,84.69,83.7
2022-11-11,88.96,88.16,87.17,86.14
2022-11-14,85.87,85.16,84.36,83.52
2022-11-15,86.92,86.25,85.52,84.77
2022-11-16,85.59,85.0,84.26,83.52
2022-11-17,81.64,81.4,81.09,80.67
2022-11-18,80.08,80.11,79.83,79.49
2022-11-21,79.73,80.04,79.91,79.72
2022-11-22,80.95,80.73,80.48,80.14
2022-11-23,77.94,78.07,78.12,78.05
2022-11-25,76.28,76.43,76.54,76.54
2022-11-28,77.24,77.33,77.36,77.24
2022-11-29,78.2,78.28,78.32,78.24
2022-11-30,80.55,80.66,80.75,80.71
2022-12-01,81.22,81.14,81.03,80.85
2022-12-02,79.98,80.05,80.08,80.02
2022-12-05,76.93,77.08,77.2,77.31
2022-12-06,74.25,74.46,74.63,74.75
2022-12-07,72.01,72.28,72.52,72.72
2022-12-08,71.46,71.58,71.72,71.9
2022-12-09,71.02,71.21,71.43,71.67
2022-12-12,73.17,73.28,73.46,73.63
2022-12-13,75.39,75.44,75.58,75.67
2022-12-14,77.28,77.31,77.33,77.28
2022-12-15,76.11,76.15,76.12,75.99
2022-12-16,74.29,74.46,74.54,74.52
2022-12-19,75.19,75.38,75.44,75.38
2022-12-20,76.09,76.23,76.23,76.16
2022-12-21,78.29,78.24,78.09,77.82
2022-12-22,77.49,77.42,77.26,76.99
2022-12-23,79.56,79.64,79.62,79.42
2022-12-27,79.53,79.64,79.68,79.57
2022-12-28,78.96,79.08,79.13,79.05
2022-12-29,78.4,78.5,78.54,78.46
2022-12-30,80.26,80.45,80.53,80.45
2023-01-03,76.93,77.12,77.27,77.33
2023-01-04,72.84,73.1,73.33,73.51
2023-01-05,73.67,73.92,74.14,74.3
2023-01-06,73.77,74.04,74.26,74.44
2023-01-09,74.63,74.92,75.17,75.39
2023-01-10,75.12,75.37,75.6,75.77
2023-01-11,77.41,77.68,77.9,78.04
2023-01-12,78.39,78.65,78.88,79.0
2023-01-13,79.86,80.11,80.3,80.38
2023-01-17,80.18,80.45,80.65,80.71
2023-01-18,79.48,79.8,80.03,80.16
2023-01-19,80.33,80.61,80.85,80.99
2023-01-20,81.31,81.64,81.89,82.0
2023-01-23,81.62,81.93,82.13,82.14
2023-01-24,80.13,80.44,80.65,80.65
2023-01-25,80.15,80.44,80.63,80.61
2023-01-26,81.01,81.28,81.44,81.38
2023-01-27,79.68,79.96,80.14,80.08
2023-01-30,77.9,78.18,78.37,78.34
2023-01-31,78.87,79.17,79.38,79.36
2023-02-01,76.41,76.73,76.94,76.92
2023-02-02,75.88,76.2,76.44,76.45
2023-02-03,73.39,73.74,74.0,74.05
2023-02-06,74.11,74.47,74.74,74.83
2023-02-07,77.14,77.39,77.56,77.56
2023-02-08,78.47,78.69,78.84,78.81
2023-02-09,78.06,78.27,78.39,78.35
2023-02-10,79.72,79.92,80.04,79.95
2023-02-13,80.14,80.33,80.45,80.36
2023-02-14,79.06,79.24,79.4,79.37
2023-02-15,78.59,78.83,79.02,79.01
2023-02-16,78.49,78.74,78.9,78.87
2023-02-17,76.34,76.55,76.7,76.71
2023-02-21,76.16,76.36,76.53,76.56
2023-02-22,73.95,74.19,74.31,74.24
2023-02-23,75.39,75.6,75.68,75.57
2023-02-24,76.32,76.47,76.48,76.33
2023-02-27,75.68,75.81,75.79,75.61
2023-02-28,77.05,77.19,77.14,76.9
2023-03-01,77.69,77.83,77.8,77.57
2023-03-02,78.16,78.31,78.29,78.08
2023-03-03,79.68,79.79,79.77,79.56
2023-03-06,80.46,80.56,80.51,80.28
2023-03-07,77.58,77.72,77.71,77.53
2023-03-08,76.66,76.81,76.85,76.7
2023-03-09,75.72,75.84,75.88,75.74
2023-03-10,76.68,76.78,76.8,76.65
2023-03-13,74.8,74.91,74.95,74.82
2023-03-14,71.33,71.49,71.57,71.49
2023-03-15,67.61,67.74,67.82,67.76
2023-03-16,68.35,68.52,68.63,68.59
2023-03-17,66.74,66.93,67.12,67.16
2023-03-20,67.64,67.82,67.99,68.01
2023-03-21,69.33,69.67,69.77,69.72
2023-03-22,70.9,71.02,70.97,70.74
2023-03-23,69.96,70.12,70.11,69.93
2023-03-24,69.26,69.41,69.4,69.24
2023-03-27,72.81,72.93,72.88,72.67
2023-03-28,73.2,73.34,73.29,73.06
2023-03-29,72.97,73.12,73.06,72.81
2023-03-30,74.37,74.49,74.41,74.13
2023-03-31,75.67,75.8,75.73,75.44
2023-04-03,80.42,80.44,80.16,79.64
2023-04-04,80.71,80.72,80.43,79.89
2023-04-05,80.61,80.63,80.36,79.82
2023-04-06,80.7,80.68,80.35,79.76
2023-04-10,79.74,79.77,79.46,78.92
2023-04-11,81.53,81.49,81.14,80.57
2023-04-12,83.26,83.09,82.65,81.98
2023-04-13,82.16,82.04,81.68,81.1
2023-04-14,82.52,82.43,82.06,81.47
2023-04-17,80.83,80.83,80.56,80.05
2023-04-18,80.86,80.9,80.61,80.09
2023-04-19,79.16,79.24,78.96,78.45
2023-04-20,77.29,77.37,77.11,76.64
2023-04-21,77.87,77.71,77.32,76.8
2023-04-24,78.76,78.6,78.23,77.72
2023-04-25,77.07,76.87,76.46,75.92
2023-04-26,74.3,74.19,73.87,73.42
2023-04-27,74.76,74.58,74.23,73.75
2023-04-28,76.78,76.61,76.24,75.72
2023-05-01,75.66,75.51,75.15,74.64
2023-05-02,71.66,71.55,71.27,70.85
2023-05-03,68.6,68.55,68.37,68.08
2023-05-04,68.56,68.51,68.32,68.0
2023-05-05,71.34,71.27,71.03,70.65
2023-05-08,73.16,73.07,72.81,72.42
2023-05-09,73.71,73.62,73.39,73.02
2023-05-10,72.56,72.52,72.35,72.02
2023-05-11,70.87,70.88,70.71,70.39
2023-05-12,70.04,70.02,69.83,69.5
2023-05-15,71.11,71.09,70.91,70.58
2023-05-16,70.86,70.84,70.66,70.33
2023-05-17,72.83,72.89,72.77,72.48
2023-05-18,71.86,71.94,71.86,71.61
2023-05-19,71.55,71.69,71.59,71.31
2023-05-22,71.99,72.05,71.97,71.68
2023-05-23,72.91,72.85,72.58,72.19
2023-05-24,74.34,74.29,74.01,73.61
2023-05-25,71.83,71.93,71.75,71.41
2023-05-26,72.67,72.76,72.57,72.24
2023-05-30,69.46,69.6,69.48,69.23
2023-05-31,68.09,68.24,68.14,67.92
2023-06-01,70.1,70.2,70.03,69.76
2023-06-02,71.74,71.84,71.64,71.32
2023-06-05,72.15,72.26,72.03,71.67
2023-06-06,71.74,71.85,71.63,71.27
2023-06-07,72.53,72.64,72.44,72.09
2023-06-08,71.29,71.44,71.31,71.0
2023-06-09,70.17,70.33,70.27,70.02
2023-06-12,67.12,67.29,67.3,67.16
2023-06-13,69.42,69.58,69.59,69.45
2023-06-14,68.27,68.46,68.49,68.38
2023-06-15,70.62,70.81,70.85,70.72
2023-06-16,71.78,71.93,71.92,71.75
2023-06-20,70.5,71.19,71.18,71.0
2023-06-21,72.53,72.52,72.34,72.09
2023-06-22,69.51,69.63,69.59,69.47
2023-06-23,69.16,69.32,69.32,69.24
2023-06-26,69.37,69.54,69.55,69.48
2023-06-27,67.7,67.9,67.99,68.01
2023-06-28,69.56,69.73,69.77,69.73
2023-06-29,69.86,70.02,70.04,69.97
2023-06-30,70.64,70.78,70.72,70.58
2023-07-03,69.79,69.91,69.8,69.62
2023-07-05,71.79,71.88,71.72,71.5
2023-07-06,71.8,71.79,71.56,71.28
2023-07-07,73.86,73.77,73.44,73.05
2023-07-10,72.99,72.95,72.7,72.39
2023-07-11,74.83,74.71,74.44,74.11
2023-07-12,75.75,75.54,75.25,74.91
2023-07-13,76.89,76.76,76.47,76.13
2023-07-14,75.42,75.32,75.05,74.75
2023-07-17,74.15,74.08,73.89,73.66
2023-07-18,75.75,75.66,75.42,75.14
2023-07-19,75.35,75.29,75.11,74.86
2023-07-20,75.63,75.65,75.43,75.16
2023-07-21,77.07,76.78,76.45,76.07
2023-07-24,78.74,78.4,78.02,77.58
2023-07-25,79.63,79.2,78.75,78.26
2023-07-26,78.78,78.4,78.01,77.59
2023-07-27,80.09,79.63,79.18,78.7
2023-07-28,80.58,80.18,79.76,79.32
2023-07-31,81.8,81.32,80.84,80.35
2023-08-01,81.37,80.92,80.46,79.98
2023-08-02,79.49,79.13,78.73,78.32
2023-08-03,81.55,81.08,80.61,80.12
2023-08-04,82.82,82.27,81.75,81.21
2023-08-07,81.94,81.49,81.02,80.53
2023-08-08,82.92,82.36,81.85,81.35
2023-08-09,84.4,83.69,83.07,82.49
2023-08-10,82.82,82.29,81.8,81.33
2023-08-11,83.19,82.57,82.02,81.51
2023-08-14,82.51,81.92,81.37,80.86
2023-08-15,80.99,80.5,80.05,79.61
2023-08-16,79.38,79.02,78.73,78.42
2023-08-17,80.39,79.9,79.51,79.11
2023-08-18,81.25,80.66,80.2,79.75
2023-08-21,80.72,80.12,79.76,79.38
2023-08-22,80.35,79.64,79.35,79.03
2023-08-23,78.89,78.59,78.28,77.96
2023-08-24,79.05,78.66,78.26,77.87
2023-08-25,79.83,79.49,79.09,78.69
2023-08-28,80.1,79.67,79.21,78.76
2023-08-29,81.16,80.68,80.17,79.67
2023-08-30,81.63,81.12,80.57,80.02
2023-08-31,83.63,82.96,82.26,81.58
2023-09-01,85.55,84.75,83.9,83.11
2023-09-05,86.69,86.01,85.21,84.38
2023-09-06,87.54,86.79,85.93,85.06
2023-09-07,86.87,86.15,85.32,84.49
2023-09-08,87.51,86.81,86.0,85.15
2023-09-11,87.29,86.66,85.94,85.15
2023-09-12,88.84,88.16,87.36,86.5
2023-09-13,88.52,87.88,87.11,86.27
2023-09-14,90.16,89.61,88.81,87.9
2023-09-15,90.77,90.02,88.97,87.92
2023-09-18,91.48,90.58,89.26,88.01
2023-09-19,91.2,90.48,89.17,87.89
2023-09-20,90.28,89.66,88.34,87.06
2023-09-21,89.63,88.32,87.06,85.83
2023-09-22,90.03,88.35,86.76,85.33
2023-09-25,89.68,88.17,86.7,85.29
2023-09-26,90.39,88.78,87.22,85.71
2023-09-27,93.68,91.3,89.3,87.42
2023-09-28,91.71,89.59,87.75,85.98
2023-09-29,90.79,88.8,86.98,85.27
2023-10-02,88.82,87.17,85.62,84.2
2023-10-03,89.23,87.44,85.77,84.27
2023-10-04,84.22,82.55,80.98,79.62
2023-10-05,82.31,80.81,79.41,78.24
2023-10-06,82.79,81.28,79.83,78.64
2023-10-09,86.38,84.6,83.0,81.62
2023-10-10,85.97,84.13,82.57,81.29
2023-10-11,83.49,82.07,80.92,79.96
2023-10-12,82.91,81.8,80.73,79.79
2023-10-13,87.69,86.35,85.08,83.89
2023-10-16,86.66,85.26,84.02,82.92
2023-10-17,86.66,85.44,84.3,83.26
2023-10-18,88.32,87.27,86.09,84.97
2023-10-19,89.37,88.37,87.06,85.79
2023-10-20,88.75,88.08,86.82,85.57
2023-10-23,85.49,84.42,83.4,82.51
2023-10-24,83.74,82.97,82.14,81.39
2023-10-25,85.39,84.69,83.86,83.08
2023-10-26,83.21,82.54,81.84,81.19
2023-10-27,85.54,84.7,83.84,83.05
2023-10-30,82.31,81.68,80.99,80.34
2023-10-31,81.02,80.5,79.96,79.42
2023-11-01,80.44,80.1,79.63,79.13
2023-11-02,82.46,82.16,81.7,81.2
2023-11-03,80.51,80.23,79.86,79.46
2023-11-06,80.82,80.6,80.32,79.99
2023-11-07,77.37,77.21,76.98,76.73
2023-11-08,75.33,75.31,75.12,74.93
2023-11-09,75.74,75.75,75.57,75.38
2023-11-10,77.17,77.15,76.93,76.68
2023-11-13,78.26,78.19,77.99,77.75
2023-11-14,78.26,78.17,77.98,77.75
2023-11-15,76.66,76.79,76.8,76.72
2023-11-16,72.9,73.09,73.19,73.28
2023-11-17,75.89,76.04,76.11,76.08
2023-11-20,77.6,77.83,77.9,77.83
2023-11-21,77.77,77.92,77.88,77.74
2023-11-22,77.1,77.25,77.23,77.08
2023-11-24,75.54,75.77,75.83,75.75
2023-11-27,74.86,75.09,75.22,75.2
2023-11-28,76.41,76.59,76.66,76.59
2023-11-29,77.86,77.99,77.98,77.86
2023-11-30,75.96,76.05,75.99,75.85
2023-12-01,74.07,74.25,74.31,74.28
2023-12-04,73.04,73.32,73.53,73.68
2023-12-05,72.32,72.53,72.7,72.8
2023-12-06,69.38,69.65,69.91,70.12
2023-12-07,69.34,69.59,69.81,70.0
2023-12-08,71.23,71.44,71.58,71.69
2023-12-11,71.32,71.56,71.76,71.92
2023-12-12,68.61,68.85,69.09,69.31
2023-12-13,69.47,69.72,69.98,70.24
2023-12-14,71.58,71.91,72.21,72.45
2023-12-15,71.43,71.78,72.05,72.31
2023-12-18,72.47,72.82,73.1,73.35
2023-12-19,73.44,73.94,74.21,74.44
2023-12-20,74.22,74.45,74.62,74.73
2023-12-21,73.89,74.06,74.18,74.24
2023-12-22,73.56,73.73,73.84,73.88
2023-12-26,75.57,75.71,75.79,75.79
2023-12-27,74.11,74.34,74.51,74.6
2023-12-28,71.77,71.97,72.14,72.27
2023-12-29,71.65,71.84,72.01,72.13
2024-01-02,70.38,70.62,70.82,70.99
2024-01-03,72.7,72.89,73.03,73.12
2024-01-04,72.19,72.36,72.46,72.49
2024-01-05,73.81,73.86,73.87,73.81
2024-01-08,70.77,70.92,71.02,71.06
2024-01-09,72.24,72.29,72.33,72.3
2024-01-10,71.37,71.44,71.5,71.54
2024-01-11,72.02,72.09,72.17,72.21
2024-01-12,72.68,72.79,72.88,72.93
2024-01-16,72.4,72.52,72.58,72.59
2024-01-17,72.56,72.48,72.46,72.41
2024-01-18,74.08,73.95,73.83,73.7
2024-01-19,73.41,73.25,73.12,72.99
2024-01-22,75.19,74.76,74.65,74.54
2024-01-23,74.37,74.27,74.16,73.98
2024-01-24,75.09,74.98,74.85,74.64
2024-01-25,77.36,77.19,77.01,76.72
2024-01-26,78.01,77.86,77.68,77.39
2024-01-29,76.78,76.67,76.55,76.33
2024-01-30,77.82,77.65,77.48,77.22
2024-01-31,75.85,75.71,75.56,75.35
2024-02-01,73.82,73.79,73.7,73.54
2024-02-02,72.28,72.3,72.28,72.18
2024-02-05,72.78,72.85,72.87,72.79
2024-02-06,73.31,73.37,73.35,73.23
2024-02-07,73.86,73.91,73.89,73.77
2024-02-08,76.22,76.19,76.04,75.78
2024-02-09,76.84,76.77,76.61,76.35
2024-02-12,76.92,76.82,76.65,76.39
2024-02-13,77.87,77.56,77.24,76.87
2024-02-14,76.64,76.36,76.11,75.79
2024-02-15,78.03,77.59,77.22,76.81
2024-02-16,79.19,78.46,77.98,77.48
2024-02-20,78.18,77.04,76.62,76.2
2024-02-21,77.91,77.31,76.78,76.22
2024-02-22,78.61,77.93,77.34,76.74
2024-02-23,76.49,76.08,75.62,75.13
2024-02-26,77.58,77.09,76.59,76.05
2024-02-27,78.87,78.23,77.64,77.0
2024-02-28,78.54,77.83,77.21,76.57
2024-02-29,78.26,77.45,76.81,76.18
2024-03-01,79.97,79.09,78.33,77.59
2024-03-04,78.74,78.17,77.61,77.01
2024-03-05,78.15,77.41,76.82,76.22
2024-03-06,79.13,78.41,77.78,77.14
2024-03-07,78.93,78.32,77.78,77.2
2024-03-08,78.01,77.5,77.03,76.51
2024-03-11,77.93,77.53,77.14,76.69
2024-03-12,77.56,77.25,76.9,76.46
2024-03-13,79.72,79.3,78.84,78.31
2024-03-14,81.26,80.74,80.19,79.57
2024-03-15,81.04,80.58,80.14,79.61
2024-03-18,82.72,82.16,81.61,80.96
2024-03-19,83.47,82.73,82.08,81.38
2024-03-20,81.68,81.27,80.78,80.18
2024-03-21,81.07,80.64,80.09,79.45
2024-03-22,80.63,80.17,79.61,78.95
2024-03-25,81.95,81.38,80.77,80.06
2024-03-26,81.62,81.04,80.43,79.73
2024-03-27,81.35,80.78,80.19,79.52
2024-03-28,83.17,82.42,81.67,80.89
2024-04-01,83.71,82.82,81.98,81.12
2024-04-02,85.15,84.22,83.29,82.34
2024-04-03,85.43,84.61,83.77,82.88
2024-04-04,86.59,85.81,84.96,84.03
2024-04-05,86.91,86.1,85.2,84.24
